<?xml version="1.0" encoding="UTF-8"?>
<User-FB>
<User>
<UserID>1</UserID>
<UserName>Shanmughapriya</UserName>
<Product>LG</Product>
<FeedBack>Good</FeedBack>
</User>
<User>
<UserID>1</UserID>
<UserName>Shanmughapriya</UserName>
<Product>LG</Product>
<FeedBack>Good</FeedBack>
</User>
<User>
<UserID>1</UserID>
<UserName>Shanmughapriya</UserName>
<Product>LG</Product>
<FeedBack>Good</FeedBack>
</User>
<User>
<UserID>1</UserID>
<UserName>Shanmughapriya</UserName>
<Product>LG</Product>
<FeedBack>Good</FeedBack>
</User>
</User-FB>
